
-- Nhập liệu
use QLDKHP

insert into [dbo].[Khoa]
values ('CNTT',N'Công nghệ thông tin'),
		('KT',N'Kinh tế'),
		('CT',N'Chính trị'),
		('TT',N'Thời Trang'),
		('MT',N'Môi trường');
go


insert into [dbo].[Lop]
values  ('CNTT13A',N'Công nghệ thông tin 13a','CNTT','2015-2019'),
		('CNTT13B',N'Công nghệ thông tin 13b','CNTT','2015-2019'),
		('KT13A',N'Kinh tế 13a','KT','2015-2019'),
		('KT13B',N'Kinh tế 13b','KT','2015-2019'),
		('CT13A',N'Chính trị 13a','CT','2015-2019'),
		('CT13B',N'Chính trị 13b','CT','2015-2019'),
		('TT13A',N'Thời Trang 13a','TT','2015-2019'),
		('TT13B',N'Thời Trang 13b','TT','2015-2019'),
		('MT13A',N'Môi trường 13a','MT','2015-2019'),
		('MT13B',N'Môi trường 13b','MT','2015-2019');
go


insert into [dbo].[TaiKhoan]
values	('13SV100001','123',N'Sinh Viên'),
		('13SV100002','123',N'Sinh Viên'),
		('13SV100003','123',N'Sinh Viên'),
		('13SV100004','123',N'Sinh Viên'),
		('13SV100005','123',N'Sinh Viên'),
		('13SV100006','123',N'Sinh Viên'),
		('13SV100007','123',N'Sinh Viên'),
		('13SV100008','123',N'Sinh Viên'),
		('13SV100009','123',N'Sinh Viên'),
		('13SV100010','123',N'Sinh Viên'),
		('13SV100011','123',N'Sinh Viên'),
		('13SV100012','123',N'Sinh Viên'),
		('13SV100014','123',N'Sinh Viên'),
		('13SV100013','123',N'Sinh Viên'),
		('13SV100015','123',N'Sinh Viên'),
		('13SV100016','123',N'Sinh Viên'),
		('13SV100017','123',N'Sinh Viên'),
		('13SV100018','123',N'Sinh Viên'),
		('13SV100019','123',N'Sinh Viên'),
		('13SV100020','123',N'Sinh Viên'),
		('13SV100021','123',N'Sinh Viên'),
		('13SV100022','123',N'Sinh Viên'),
		('13SV100023','123',N'Sinh Viên'),
		('13SV100024','123',N'Sinh Viên'),
		('13SV100025','123',N'Sinh Viên'),
		('13SV100026','123',N'Sinh Viên'),
		('13SV100027','123',N'Sinh Viên'),
		('13SV100028','123',N'Sinh Viên'),
		('13SV100029','123',N'Sinh Viên'),
		('13SV100030','123',N'Sinh Viên'),
		('13SV100031','123',N'Sinh Viên'),
		('13SV100032','123',N'Sinh Viên'),
		('13SV100033','123',N'Sinh Viên'),
		('13SV100034','123',N'Sinh Viên'),
		('13SV100035','123',N'Sinh Viên'),
		('13SV100036','123',N'Sinh Viên'),
		('13SV100037','123',N'Sinh Viên'),
		('13SV100038','123',N'Sinh Viên'),
		('13SV100039','123',N'Sinh Viên'),
		('13SV100040','123',N'Sinh Viên'),
		('13SV100041','123',N'Sinh Viên'),
		('13SV100042','123',N'Sinh Viên'),
		('13SV100043','123',N'Sinh Viên'),
		('13SV100044','123',N'Sinh Viên'),
		('13SV100045','123',N'Sinh Viên'),
		('13SV100046','123',N'Sinh Viên'),
		('13SV100047','123',N'Sinh Viên'),
		('13SV100048','123',N'Sinh Viên'),
		('13SV100049','123',N'Sinh Viên'),
		('13SV100050','123',N'Sinh Viên'),
		('13SV100051','123',N'Sinh Viên'),
		('13SV100052','123',N'Sinh Viên'),
		('13SV100053','123',N'Sinh Viên'),
		('13SV100054','123',N'Sinh Viên'),
		('13SV100055','123',N'Sinh Viên'),
		('13SV100056','123',N'Sinh Viên'),
		('13SV100057','123',N'Sinh Viên'),
		('13SV100058','123',N'Sinh Viên'),
		('13SV100059','123',N'Sinh Viên'),
		('13SV100060','123',N'Sinh Viên'),
		('13SV100061','123',N'Sinh Viên'),
		('13SV100062','123',N'Sinh Viên'),
		('13SV100063','123',N'Sinh Viên'),
		('13SV100064','123',N'Sinh Viên'),
		('13SV100065','123',N'Sinh Viên'),
		('13SV100066','123',N'Sinh Viên'),
		('13SV100067','123',N'Sinh Viên'),
		('13SV100068','123',N'Sinh Viên'),
		('13SV100069','123',N'Sinh Viên'),
		('13SV100070','123',N'Sinh Viên'),
		('13SV100071','123',N'Sinh Viên'),
		('13SV100072','123',N'Sinh Viên'),
		('13SV100073','123',N'Sinh Viên'),
		('13SV100074','123',N'Sinh Viên'),
		('13SV100075','123',N'Sinh Viên'),
		('13SV100076','123',N'Sinh Viên'),
		('13SV100077','123',N'Sinh Viên'),
		('13SV100078','123',N'Sinh Viên'),
		('13SV100079','123',N'Sinh Viên'),
		('13SV100080','123',N'Sinh Viên'),
		('13SV100081','123',N'Sinh Viên'),
		('13SV100082','123',N'Sinh Viên'),
		('13SV100083','123',N'Sinh Viên'),
		('13SV100084','123',N'Sinh Viên'),
		('13SV100085','123',N'Sinh Viên'),
		('13SV100086','123',N'Sinh Viên'),
		('13SV100087','123',N'Sinh Viên'),
		('13SV100088','123',N'Sinh Viên'),
		('13SV100089','123',N'Sinh Viên'),
		('13SV100090','123',N'Sinh Viên'),
		('13SV100091','123',N'Sinh Viên'),
		('13SV100092','123',N'Sinh Viên'),
		('13SV100093','123',N'Sinh Viên'),
		('13SV100094','123',N'Sinh Viên'),
		('13SV100095','123',N'Sinh Viên'),
		('13SV100096','123',N'Sinh Viên'),
		('13SV100097','123',N'Sinh Viên'),
		('13SV100098','123',N'Sinh Viên'),
		('13SV100099','123',N'Sinh Viên'),
		('13SV100100','123',N'Sinh Viên'),
		('13SV100101','123',N'Sinh Viên'),
		--
		('2015GV1001','123',N'Giảng Viên'),
		('2015GV1002','123',N'Giảng Viên'),
		('2015GV1003','123',N'Giảng Viên'),
		('2015GV1004','123',N'Giảng Viên'),
		('2015GV1005','123',N'Giảng Viên'),
		('2015GV1006','123',N'Giảng Viên'),
		('2015GV1007','123',N'Giảng Viên'),
		('2015GV1008','123',N'Giảng Viên'),
		('2015GV1009','123',N'Giảng Viên'),
		('2015GV1010','123',N'Giảng Viên'),
		('2015GV1011','123',N'Giảng Viên'),
		('2015GV1012','123',N'Giảng Viên'),
		('2015GV1013','123',N'Giảng Viên'),
		('2015GV1015','123',N'Giảng Viên'),
		('2015GV1014','123',N'Giảng Viên'),
		('2015GV1016','123',N'Giảng Viên'),
		('2015GV1017','123',N'Giảng Viên'),
		('2015GV1018','123',N'Giảng Viên'),
		('2015GV1019','123',N'Giảng Viên'),
		--
		('admin','123',N'Admin'),
		--
		('2015GV1020','123',N'Phòng đào tạo');
go



insert into [dbo].[SinhVien]
values  ('13SV100001',N'Trần Hoa'			,N'Nữ'		,'1999-11-19','0399498204',N'12 Nguyễn Văn Bảo','CNTT13A',N'Đang học'),
		('13SV100002',N'Võ Huyền'		    ,N'Nữ'		,'1999-11-19','0399498203',N'12 Nguyễn Văn Bảo','CNTT13A',N'Đang học'),
		('13SV100003',N'Nguyễn Hương'		,N'Nữ'		,'1999-11-19','0399498201',N'12 Nguyễn Văn Bảo','CNTT13A',N'Đang học'),
		('13SV100004',N'Trần Hồng'		    ,N'Nữ'		,'1999-11-19','0399498200',N'12 Nguyễn Văn Bảo','CNTT13A',N'Đang học'),
		('13SV100005',N'Nguyễn Lâm'			,N'Nam'		,'1999-11-19','0399498199',N'12 Nguyễn Văn Bảo','CNTT13A',N'Đang học'),
		('13SV100006',N'Võ Cường'		    ,N'Nam'		,'1999-11-19','0399498198',N'12 Nguyễn Văn Bảo','CNTT13A',N'Đang học'),
		('13SV100007',N'Trần Tiến'		    ,N'Nam'		,'1999-11-19','0399498197',N'12 Nguyễn Văn Bảo','CNTT13A',N'Đang học'),
		('13SV100008',N'Nguyễn Cường'		,N'Nam'		,'1999-11-19','0399498196',N'12 Nguyễn Văn Bảo','CNTT13A',N'Đang học'),
		('13SV100009',N'Võ Tâm'			    ,N'Nữ'		,'1999-11-19','0399498195',N'12 Nguyễn Văn Bảo','CNTT13A',N'Đang học'),
		('13SV100010',N'Trần Bảo'			,N'Nam'		,'1999-11-19','0399498194',N'12 Nguyễn Văn Bảo','CNTT13A',N'Đang học'),
		('13SV100011',N'Võ Nhơn'		    ,N'Nam'		,'1999-11-19','0399498193',N'12 Nguyễn Văn Bảo','CNTT13B',N'Đang học'),
		('13SV100012',N'Mai Hưng'		    ,N'Nam'		,'1999-11-19','0399498192',N'12 Nguyễn Văn Bảo','CNTT13B',N'Đang học'),
		('13SV100013',N'Đỗ Xuân'		    ,N'Nữ'		,'1999-11-19','0399498191',N'12 Nguyễn Văn Bảo','CNTT13B',N'Đang học'),
		('13SV100014',N'Đỗ Hiền'		    ,N'Nữ'		,'1999-11-19','0399498190',N'12 Nguyễn Văn Bảo','CNTT13B',N'Đang học'),
		('13SV100015',N'Nguyễn Huy'			,N'Nam'		,'1999-11-19','0399498189',N'12 Nguyễn Văn Bảo','CNTT13B',N'Đang học'),
		('13SV100016',N'Trần Đại'			,N'Nam'		,'1999-11-19','0399498188',N'12 Nguyễn Văn Bảo','CNTT13B',N'Đang học'),
		('13SV100017',N'Đỗ Hậu'			    ,N'Nam'		,'1999-11-19','0399498187',N'12 Nguyễn Văn Bảo','CNTT13B',N'Đang học'),
		('13SV100018',N'Võ Hương'		    ,N'Nữ'		,'1999-11-19','0399498186',N'12 Nguyễn Văn Bảo','CNTT13B',N'Đang học'),
		('13SV100019',N'Nguyễn Tiên'		,N'Nữ'		,'1999-11-19','0399498185',N'12 Nguyễn Văn Bảo','CNTT13B',N'Đang học'),
		('13SV100020',N'Đỗ Trúc'		    ,N'Nữ'		,'1999-11-19','0399498184',N'12 Nguyễn Văn Bảo','CNTT13B',N'Đang học'),
		('13SV100021',N'Đỗ Hoa'			    ,N'Nữ'		,'1999-11-19','0399498183',N'12 Nguyễn Văn Bảo','CT13A',N'Đang học'),
		('13SV100022',N'Nguyễn Đạt'			,N'Nam'		,'1999-11-19','0399498182',N'12 Nguyễn Văn Bảo','CT13A',N'Đang học'),
		('13SV100023',N'Võ Liên'		    ,N'Nữ'		,'1999-11-19','0399498181',N'12 Nguyễn Văn Bảo','CT13A',N'Đang học'),
		('13SV100024',N'Đỗ Khoa'		    ,N'Nam'		,'1999-11-19','0399498180',N'12 Nguyễn Văn Bảo','CT13A',N'Đang học'),
		('13SV100025',N'Trịnh Tài'			,N'Nam'		,'1999-11-19','0399498179',N'12 Nguyễn Văn Bảo','CT13A',N'Đang học'),
		('13SV100026',N'Võ Lộc'			    ,N'Nam'		,'1999-11-19','0399498178',N'12 Nguyễn Văn Bảo','CT13A',N'Đang học'),
		('13SV100027',N'Trịnh Linh'		    ,N'Nữ'		,'1999-11-19','0399498177',N'12 Nguyễn Văn Bảo','CT13A',N'Đang học'),
		('13SV100028',N'Võ Phương'		    ,N'Nữ'		,'1999-11-19','0399498176',N'12 Nguyễn Văn Bảo','CT13A',N'Đang học'),
		('13SV100029',N'Nguyễn Quý'			,N'Nam'		,'1999-11-19','0399498175',N'12 Nguyễn Văn Bảo','CT13A',N'Đang học'),
		('13SV100030',N'Mai Anh'			,N'Nam'		,'1999-11-19','0399498174',N'12 Nguyễn Văn Bảo','CT13A',N'Đang học'),
		('13SV100031',N'Võ Châu'		    ,N'Nữ'		,'1999-11-19','0399498173',N'12 Nguyễn Văn Bảo','CT13B',N'Đang học'),
		('13SV100032',N'Nguyễn Long'		,N'Nam'		,'1999-11-19','0399498171',N'12 Nguyễn Văn Bảo','CT13B',N'Đang học'),
		('13SV100033',N'Trịnh Tiên'		    ,N'Nữ'		,'1999-11-19','0399498170',N'12 Nguyễn Văn Bảo','CT13B',N'Đang học'),
		('13SV100034',N'Nguyễn Thi'			,N'Nữ'		,'1999-11-19','0399498169',N'12 Nguyễn Văn Bảo','CT13B',N'Đang học'),
		('13SV100035',N'Trịnh Vũ'			,N'Nam'		,'1999-11-19','0399498168',N'12 Nguyễn Văn Bảo','CT13B',N'Đang học'),
		('13SV100036',N'Trần Trâm'		    ,N'Nữ'		,'1999-11-19','0399498167',N'12 Nguyễn Văn Bảo','CT13B',N'Đang học'),
		('13SV100037',N'Trịnh Ngân'		    ,N'Nữ'		,'1999-11-19','0399498166',N'12 Nguyễn Văn Bảo','CT13B',N'Đang học'),
		('13SV100038',N'Nguyễn Hoa'			,N'Nữ'		,'1999-11-19','0399498165',N'12 Nguyễn Văn Bảo','CT13B',N'Đang học'),
		('13SV100039',N'Trịnh Hòa'			,N'Nữ'		,'1999-11-19','0399498164',N'12 Nguyễn Văn Bảo','CT13B',N'Đang học'),
		('13SV100040',N'Võ Hường'		    ,N'Nữ'		,'1999-11-19','0399498163',N'12 Nguyễn Văn Bảo','CT13B',N'Đang học'),
		('13SV100041',N'Đỗ Nam'			    ,N'Nam'		,'1999-11-19','0399498162',N'12 Nguyễn Văn Bảo','CT13B',N'Đang học'),
		('13SV100042',N'Trịnh Lý'		  	,N'Nữ'		,'1999-11-19','0399498161',N'12 Nguyễn Văn Bảo','KT13A',N'Đang học'),
		('13SV100043',N'Nguyễn Giang'		,N'Nữ'		,'1999-11-19','0399498160',N'12 Nguyễn Văn Bảo','KT13A',N'Đang học'),
		('13SV100044',N'Võ Trí'			    ,N'Nam'		,'1999-11-19','0399498159',N'12 Nguyễn Văn Bảo','KT13A',N'Đang học'),
		('13SV100045',N'Đ Đông'		        ,N'Nam'		,'1999-11-19','0399498158',N'12 Nguyễn Văn Bảo','KT13A',N'Đang học'),
		('13SV100046',N'Nguyễn Độ'			,N'Nam'		,'1999-11-19','0399498157',N'12 Nguyễn Văn Bảo','KT13A',N'Đang học'),
		('13SV100047',N'Võ Phụng'	     	,N'Nữ'		,'1999-11-19','0399498156',N'12 Nguyễn Văn Bảo','KT13A',N'Đang học'),
		('13SV100048',N'Trịnh Trang'		,N'Nữ'		,'1999-11-19','0399498155',N'12 Nguyễn Văn Bảo','KT13A',N'Đang học'),
		('13SV100049',N'Trịnh Khanh'		,N'Nam'		,'1999-11-19','0399498154',N'12 Nguyễn Văn Bảo','KT13A',N'Đang học'),
		('13SV100050',N'Nguyễn Phát'		,N'Nam'		,'1999-11-19','0399498153',N'12 Nguyễn Văn Bảo','KT13A',N'Đang học'),
		('13SV100051',N'Võ Duy'			    ,N'Nam'		,'1999-11-19','0399498152',N'12 Nguyễn Văn Bảo','KT13B',N'Đang học'),
		('13SV100052',N'Trịnh Thi'			,N'Nữ'		,'1999-11-19','0399498151',N'12 Nguyễn Văn Bảo','KT13B',N'Đang học'),
		('13SV100053',N'Nguyễn Thảo'		,N'Nữ'		,'1999-11-19','0399498150',N'12 Nguyễn Văn Bảo','KT13B',N'Đang học'),
		('13SV100054',N'Võ Thủy'		    ,N'Nữ'		,'1999-11-19','0399498149',N'12 Nguyễn Văn Bảo','KT13B',N'Đang học'),
		('13SV100055',N'Trịnh Oanh'		    ,N'Nữ'		,'1999-11-19','0399498148',N'12 Nguyễn Văn Bảo','KT13B',N'Đang học'),
		('13SV100056',N'Đỗ Vi'			    ,N'Nữ'		,'1999-11-19','0399498147',N'12 Nguyễn Văn Bảo','KT13B',N'Đang học'),
		('13SV100057',N'Trần Mạnh'	        ,N'Nam'		,'1999-11-19','0399498146',N'12 Nguyễn Văn Bảo','KT13B',N'Đang học'),
		('13SV100058',N'Nguyễn Mến'			,N'Nữ'		,'1999-11-19','0399498145',N'12 Nguyễn Văn Bảo','KT13B',N'Đang học'),
		('13SV100059',N'Võ Nhân'		    ,N'Nam'		,'1999-11-19','0399498144',N'12 Nguyễn Văn Bảo','KT13B',N'Đang học'),
		('13SV100060',N'Mai Khang'		    ,N'Nam'		,'1999-11-19','0399498143',N'12 Nguyễn Văn Bảo','KT13B',N'Đang học'),
		('13SV100061',N'Đỗ Chiến'		    ,N'Nam'		,'1999-11-19','0399498142',N'12 Nguyễn Văn Bảo','KT13B',N'Đang học'),
		('13SV100062',N'Trịnh Lương'		,N'Nữ'		,'1999-11-19','0399498141',N'12 Nguyễn Văn Bảo','KT13B',N'Đang học'),
		('13SV100063',N'Nguyễn Phú'			,N'Nam'		,'1999-11-19','0399498140',N'12 Nguyễn Văn Bảo','MT13A',N'Đang học'),
		('13SV100064',N'Võ Phương'		    ,N'Nữ'		,'1999-11-19','0399498139',N'12 Nguyễn Văn Bảo','MT13A',N'Đang học'),
		('13SV100065',N'Mai Thiên'		    ,N'Nữ'		,'1999-11-19','0399498138',N'12 Nguyễn Văn Bảo','MT13A',N'Đang học'),
		('13SV100066',N'Trịnh Tâm'		 	,N'Nam'		,'1999-11-19','0399498137',N'12 Nguyễn Văn Bảo','MT13A',N'Đang học'),
		('13SV100067',N'Nguyễn Trúc'		,N'Nữ'		,'1999-11-19','0399498136',N'12 Nguyễn Văn Bảo','MT13A',N'Đang học'),
		('13SV100068',N'Trịnh Long'		    ,N'Nam'		,'1999-11-19','0399498135',N'12 Nguyễn Văn Bảo','MT13A',N'Đang học'),
		('13SV100069',N'Trịnh Nguyễn'		,N'Nữ'		,'1999-11-19','0399498134',N'12 Nguyễn Văn Bảo','MT13A',N'Đang học'),
		('13SV100070',N'Võ Nguyên'		    ,N'Nữ'		,'1999-11-19','0399498133',N'12 Nguyễn Văn Bảo','MT13A',N'Đang học'),
		('13SV100071',N'Trần Thơ'			,N'Nữ'		,'1999-10-01','0399498132',N'12 Nguyễn Văn Bảo','MT13A',N'Đang học'),
		('13SV100072',N'Trịnh Triệu'		,N'Nam'		,'1999-10-01','0399498131',N'12 Nguyễn Văn Bảo','MT13A',N'Đang học'),
		('13SV100073',N'Nguyễn Tứ'			,N'Nam'		,'1999-10-01','0399498130',N'12 Nguyễn Văn Bảo','MT13A',N'Đang học'),
		('13SV100074',N'Mai Phong'		    ,N'Nam'		,'1999-10-01','0399498129',N'12 Nguyễn Văn Bảo','MT13B',N'Đang học'),
		('13SV100075',N'Võ Sơn'			    ,N'Nam'		,'1999-10-16','0399498128',N'12 Nguyễn Văn Bảo','MT13B',N'Đang học'),
		('13SV100076',N'Mai Bằng'		    ,N'Nam'		,'1999-10-15','0399498127',N'12 Nguyễn Văn Bảo','MT13B',N'Đang học'),
		('13SV100077',N'Mai Phiêu'		    ,N'Nữ'		,'1999-10-15','0399498126',N'12 Nguyễn Văn Bảo','MT13B',N'Đang học'),
		('13SV100078',N'Đỗ Liêu'		    ,N'Nữ'		,'1999-10-15','0399498125',N'12 Nguyễn Văn Bảo','MT13B',N'Đang học'),
		('13SV100079',N'Võ Lâm'			    ,N'Nam'		,'1999-10-14','0399498124',N'12 Nguyễn Văn Bảo','MT13B',N'Đang học'),
		('13SV100080',N'Nguyễn Quyên'	  	,N'Nữ'		,'1999-10-13','0399498123',N'12 Nguyễn Văn Bảo','MT13B',N'Đang học'),
		('13SV100081',N'Mai Châu'		    ,N'Nữ'		,'1999-10-12','0399498122',N'12 Nguyễn Văn Bảo','MT13B',N'Đang học'),
		('13SV100082',N'Trịnh Anh'			,N'Nữ'		,'1999-10-02','0399498121',N'12 Nguyễn Văn Bảo','MT13B',N'Đang học'),
		('13SV100083',N'Mai Hồng'		    ,N'Nữ'		,'1999-11-19','0399498120',N'12 Nguyễn Văn Bảo','MT13B',N'Đang học'),
		('13SV100084',N'Võ Hồng'		     ,N'Nữ'		,'1999-10-01','0399498119',N'12 Nguyễn Văn Bảo','MT13B',N'Đang học'),
		('13SV100085',N'Nguyễn Triệu'		,N'Nam'		,'1999-10-10','0399498118',N'12 Nguyễn Văn Bảo','TT13A',N'Đang học'),
		('13SV100086',N'Trịnh Trường'		,N'Nam'		,'1999-10-09','0399498117',N'12 Nguyễn Văn Bảo','TT13A',N'Đang học'),
		('13SV100087',N'Võ Trường'		    ,N'Nam'		,'1999-10-08','0399498116',N'12 Nguyễn Văn Bảo','TT13A',N'Đang học'),
		('13SV100088',N'Mai Long'		    ,N'Nam'		,'1999-10-07','0399498115',N'12 Nguyễn Văn Bảo','TT13A',N'Đang học'),
		('13SV100089',N'Trần Cường'		    ,N'Nam'		,'1999-10-06','0399498110',N'12 Nguyễn Văn Bảo','TT13A',N'Đang học'),
		('13SV100090',N'Mai Vượng'		    ,N'Nam'		,'1999-10-05','0399498109',N'12 Nguyễn Văn Bảo','TT13A',N'Đang học'),
		('13SV100091',N'Võ Hiếu'		    ,N'Nam'		,'1999-10-04','0399498108',N'12 Nguyễn Văn Bảo','TT13A',N'Đang học'),
		('13SV100092',N'Trịnh Hiếu'		    ,N'Nam'		,'1999-10-03','0399498107',N'12 Nguyễn Văn Bảo','TT13A',N'Đang học'),
		('13SV100093',N'Trịnh Phú'			,N'Nam'		,'1999-10-02','0399498105',N'12 Nguyễn Văn Bảo','TT13A',N'Đang học'),
		('13SV100094',N'Nguyễn Trâm'		,N'Nữ'		,'1999-10-01','0399498104',N'12 Nguyễn Văn Bảo','TT13B',N'Đang học'),
		('13SV100095',N'Võ Trân'		    ,N'Nữ'		,'1999-05-08','0399498103',N'12 Nguyễn Văn Bảo','TT13B',N'Đang học'),
		('13SV100096',N'Mai Huyền'		    ,N'Nữ'		,'1999-05-07','0399498102',N'12 Nguyễn Văn Bảo','TT13B',N'Đang học'),
		('13SV100097',N'Mai Khoa'		    ,N'Nam'		,'1999-05-06','0399498101',N'12 Nguyễn Văn Bảo','TT13B',N'Đang học'),
		('13SV100098',N'Trần Khang'		    ,N'Nam'		,'1999-05-05','0399498111',N'12 Nguyễn Văn Bảo','TT13B',N'Đang học'),
		('13SV100099',N'Nguyễn Minh'		,N'Nam'		,'1999-05-04','0399498112',N'12 Nguyễn Văn Bảo','TT13B',N'Đang học'),
		('13SV100100',N'Nguyễn Vi'			,N'Nữ'		,'1999-05-03','0399498113',N'12 Nguyễn Văn Bảo','TT13B',N'Đang học'),
		('admin',N'admin'			        ,N'Nữ'		,'1999-05-03','0399498113',N'12 Nguyễn Văn Bảo','TT13B',N'Đang học'),
		('13SV100101',N'Trần Tường'		    ,N'Nữ'		,'1999-05-02','0399498114',N'12 Nguyễn Văn Bảo','TT13B',N'Đang học');
	go


insert into [dbo].[GiangVien_PDT]
values	('2015GV1001',N'Hồ Hà'		  ,N'Nữ'	,'1978-01-01','0153027123',N'12 Nguyễn Văn Bảo','CNTT',N'Thạc sĩ'),
		('2015GV1002',N'Đỗ Trúc'	  ,N'Nữ'	,'1978-01-02','0153027124',N'12 Nguyễn Văn Bảo','CNTT',N'Thạc sĩ'),
		('2015GV1003',N'Trần Long'	  ,N'Nam'	,'1978-01-03','0153027125',N'12 Nguyễn Văn Bảo','CNTT',N'Thạc sĩ'),
		('2015GV1004',N'Nguyễn Tiến'  ,N'Nam'	,'1978-01-04','0153027126',N'12 Nguyễn Văn Bảo','CNTT',N'Thạc sĩ'),
		('2015GV1005',N'Võ Cường'	  ,N'Nam'	,'1978-01-05','0153027127',N'12 Nguyễn Văn Bảo','MT',N'Thạc sĩ'),
		('2015GV1006',N'Mai Tài'		,N'Nam'	,'1978-01-06','0153027128',N'12 Nguyễn Văn Bảo','MT',N'Thạc sĩ'),
		('2015GV1007',N'Trịnh Phượng'	,N'Nữ'	,'1978-01-07','0153027129',N'12 Nguyễn Văn Bảo','MT',N'Thạc sĩ'),
		('2015GV1008',N'Trương Trúc'	,N'Nữ'	,'1978-01-08','0153027130',N'12 Nguyễn Văn Bảo','MT',N'Thạc sĩ'),
		('2015GV1009',N'Lê Linh'	    ,N'Nữ'	,'1978-01-09','0153027112',N'12 Nguyễn Văn Bảo','CT',N'Thạc sĩ'),
		('2015GV1010',N'Trần Lam'		,N'Nữ'	,'1978-01-10','0153027113',N'12 Nguyễn Văn Bảo','CT',N'Thạc sĩ'),
		('2015GV1011',N'Võ Tuyến'	    ,N'Nữ'	,'1978-01-11','0153027114',N'12 Nguyễn Văn Bảo','CT',N'Thạc sĩ'),
		('2015GV1012',N'Nguyễn Nam'		,N'Nam'	,'1978-01-12','0153027115',N'12 Nguyễn Văn Bảo','CT',N'Thạc sĩ'),
		('2015GV1013',N'Lê Lân'		    ,N'Nam'	,'1978-01-13','0153027116',N'12 Nguyễn Văn Bảo','KT',N'Thạc sĩ'),
		('2015GV1014',N'Trịnh Tài'		,N'Nam'	,'1978-01-14','0153027117',N'12 Nguyễn Văn Bảo','KT',N'Thạc sĩ'),
		('2015GV1015',N'Trần Nhân'	    ,N'Nam'	,'1978-01-15','0153027118',N'12 Nguyễn Văn Bảo','KT',N'Thạc sĩ'),
		('2015GV1016',N'Trần Nhơn'  	,N'Nam'	,'1978-01-16','0153027119',N'12 Nguyễn Văn Bảo','KT',N'Thạc sĩ'),
		('2015GV1017',N'Nguyễn Hoa'		,N'Nữ'	,'1978-01-17','0153027111',N'12 Nguyễn Văn Bảo','TT',N'Thạc sĩ'),
		('2015GV1018',N'Nguyễn Hiền'	,N'Nữ'	,'1978-01-18','0153027211',N'12 Nguyễn Văn Bảo','TT',N'Thạc sĩ'),
		('2015GV1019',N'Nguyễn Khuyến'	,N'Nam'	,'1978-01-19','0153027213',N'12 Nguyễn Văn Bảo','TT',N'Thạc sĩ'),
		('admin'     ,N'admin' 	,N'Nam'	,'1978-01-19','0153027213',N'12 Nguyễn Văn Bảo','TT',N'Thạc sĩ'),
		('2015GV1020',N'Nguyễn Huy'		,N'Nam'	,'1978-01-20','0153027212',N'12 Nguyễn Văn Bảo','TT',N'Thạc sĩ');
go



insert into [dbo].[PhongHoc]
values	('A0101'		,N''		,'A'		),
		('A0102'		,N''		,'A'		),
		('A0103'		,N''		,'A'		),
		('A0201'		,N''		,'A'		),
		('A0202'		,N''		,'A'		),
		('A0203'		,N''		,'A'		),
		('B0101'		,N''		,'B'		),
		('B0102'		,N''		,'B'		),
		('B0103'		,N''		,'B'		),
		('B0201'		,N''		,'B'		),
		('B0202'		,N''		,'B'		);
go


insert into [dbo].[MonHoc]
values	('NNLCBCNMLN'	,N'Những nguyên lý cơ bản của chủ nghĩa Mác-Lênin'	,5),
		('PLDC'			,N'Pháp luật đại cương'								,2),
		('DLCMCDCSVN'	,N'Đường lối cách mạng của Đảng Cộng sản việt Nam'	,3),
		('TTHCM'		,N'Tư tưởng Hồ Chí Minh'							,2),
		('GDTC'			,N'Giáo dục thể chất'								,4),
		('GDQP'			,N'Giáo dục quốc phòng'								,8),
		('TOANA1'		,N'Toán A1'											,2),
		('TOANA2'		,N'Toán A2'											,2),
		('ANHVAN1'		,N'Anh văn 1'										,2),
		('ANHVAN2'		,N'Anh văn 2'										,4),
		('ANHVAN3'		,N'Anh văn 3'										,4),
		('ANHVAN4'		,N'Anh văn 4'										,4),
		('PPT'			,N'Phương pháp tính'								,2),
		('KINHTE1'		,N'Kinh tế 1'										,2),
		('KINHTE2'		,N'Kinh tế 2'										,4),
		('MOITRUONG1'	,N'Môi trường 1'									,2),
		('MOITRUONG2'	,N'Môi trường 2'									,4),
		('CNTT1'		,N'Công nghệ thông tin'								,2),
		('CNTT2'		,N'Công nghệ thông tin'								,4),
		('THOITRANG1'	,N'Thời trang 1'									,2),
		('THOITRANG2'	,N'Thời trang 2'									,4);
go

insert into [dbo].[LopHocPhan]
values	('2019HP0001','2015GV1001','CNTT1'		,'A0101','HK1','2019-2020','40','2019-09-01','2019-11-20','1-3',N'Thứ 4'),
		('2019HP0002','2015GV1002','CNTT1'		,'A0102','HK2','2019-2020','40','2019-09-01','2019-11-20','1-3',N'Thứ 2'),
		('2019HP0003','2015GV1003','CNTT2'		,'A0201','HK3','2019-2020','40','2019-09-01','2019-11-20','1-3',N'Thứ 6'),
		('2019HP0004','2015GV1004','CNTT2'		,'A0203','HK1','2019-2020','40','2019-09-01','2019-11-20','1-3',N'Thứ 2'),
		('2019HP0005','2015GV1005','MOITRUONG1'	,'A0102','HK1','2019-2020','40','2019-09-01','2019-11-20','1-3',N'Thứ 3'),
		('2019HP0006','2015GV1006','MOITRUONG1'	,'B0202','HK2','2019-2020','40','2019-09-01','2019-11-20','1-3',N'Thứ 6'),
		('2019HP0007','2015GV1008','MOITRUONG2'	,'B0101','HK3','2019-2020','40','2019-09-01','2019-11-20','1-3',N'Thứ 2'),
		('2019HP0008','2015GV1010','NNLCBCNMLN'	,'A0102','HK1','2019-2020','40','2019-09-01','2019-11-20','1-3',N'Thứ 6'),
		('2019HP0009','2015GV1012','PLDC'		,'B0102','HK2','2019-2020','40','2019-09-01','2019-11-20','1-3',N'Thứ 3'),
		('2019HP0010','2015GV1014','KINHTE1'	,'A0101','HK1','2019-2020','40','2019-09-01','2019-11-20','1-3',N'Thứ 3'),
		('2019HP0011','2015GV1016','KINHTE2'	,'B0103','HK3','2019-2020','40','2019-09-01','2019-11-20','1-3',N'Thứ 6'),
		('2019HP0012','2015GV1018','THOITRANG1'	,'B0202','HK1','2019-2020','40','2019-09-01','2019-11-20','1-3',N'Thứ 4'),
		('2019HP0013','2015GV1007','MOITRUONG2'	,'A0202','HK2','2019-2020','40','2019-09-01','2019-11-20','1-3',N'Thứ 2'),
		('2019HP0014','2015GV1009','DLCMCDCSVN'	,'A0103','HK2','2019-2020','40','2019-09-01','2019-11-20','1-3',N'Thứ 4'),
		('2019HP0015','2015GV1011','TTHCM'		,'A0103','HK3','2019-2020','40','2019-09-01','2019-11-20','1-3',N'Thứ 2');
go


insert into [dbo].[DSLHP]
values	('2019HP0001','13SV100001'),
		('2019HP0001','13SV100002'),
		('2019HP0001','13SV100003'),
		('2019HP0001','13SV100004'),
		('2019HP0001','13SV100005'),
		('2019HP0002','13SV100006'),
		('2019HP0002','13SV100007'),
		('2019HP0002','13SV100008'),
		('2019HP0002','13SV100009'),
		('2019HP0002','13SV100010'),
		('2019HP0003','13SV100011'),
		('2019HP0003','13SV100012'),
		('2019HP0003','13SV100013'),
		('2019HP0003','13SV100014'),
		('2019HP0003','13SV100015'),
		('2019HP0004','13SV100016'),
		('2019HP0004','13SV100017'),
		('2019HP0004','13SV100018'),
		('2019HP0004','13SV100019'),
		('2019HP0004','13SV100020'),
		('2019HP0005','13SV100083'),
		('2019HP0005','13SV100067'),
		('2019HP0005','13SV100079'),
		('2019HP0010','13SV100060'),
		('2019HP0010','13SV100052'),
		('2019HP0011','13SV100043'),
		('2019HP0011','13SV100047'),
		('2019HP0011','13SV100050'),
		('2019HP0012','13SV100097'),
		('2019HP0012','13SV100098'),
		('2019HP0012','13SV100099'),
		('2019HP0012','13SV100100'),
		('2019HP0008','13SV100001'),
		('2019HP0008','13SV100100'),
		('2019HP0008','13SV100052');
go

insert into [dbo].[BangDiem]
values ('13SV100001','CNTT1','2019HP0001',9,9,9,9 ),
		('13SV100002','CNTT1','2019HP0001',8,8,8,8 ),
		('13SV100003','CNTT1','2019HP0001',7,7,7,7 ),
		('13SV100004','CNTT1','2019HP0001',6,6,6,6 ),
		('13SV100005','CNTT1','2019HP0001',9,9,9,9 ),
		('13SV100006','CNTT1','2019HP0002',9,9,9,9 ),
		('13SV100007','CNTT1','2019HP0002',9,9,9,9 ),
		('13SV100008','CNTT1','2019HP0002',9,9,9,9 ),
		('13SV100009','CNTT1','2019HP0002',9,9,9,9 ),
		('13SV100010','CNTT1','2019HP0002',9,9,9,9 ),
		('13SV100011','CNTT2','2019HP0003',9,9,9,9 );

